1,ref studio,1967-9-15
2,andy studio,1979-5-16
3,disabled studio,1982-2-15
4,requests studio,1993-11-1
5,magnetic studio,1999-5-15
6,say studio,1973-9-24
7,planning studio,1969-10-6
8,served studio,1966-12-13
9,unable studio,1976-7-3
10,implementation studio,2001-2-5
11,batteries studio,2010-11-15
12,salary studio,1976-4-8
13,factory studio,2004-3-11
14,subscribers studio,1992-3-26
15,dragon studio,2002-8-12
16,horny studio,1981-8-17
17,sons studio,1985-5-13
18,carpet studio,1977-2-24
19,duration studio,1977-1-2
20,belgium studio,1995-6-12
21,records studio,2001-10-8
22,math studio,2004-7-23
23,usr studio,1974-3-16
24,certificates studio,1990-9-8
25,laura studio,1984-12-1
26,hope studio,1971-4-11
27,refinance studio,2009-3-15
28,stuff studio,1988-8-21
29,animals studio,2009-9-19
30,logic studio,1998-4-8
31,healing studio,1984-3-20
32,companies studio,1979-12-23
33,vision studio,1983-9-8
34,vision studio,2010-6-20
35,registration studio,1972-11-12
36,binding studio,1970-7-14
37,directors studio,1978-5-28
38,indonesia studio,1994-4-23
39,accessibility studio,1977-8-23
40,column studio,1963-6-26
41,profit studio,1999-3-19
42,suppliers studio,1997-4-10
43,drink studio,1982-6-26
44,zum studio,1972-3-25
45,solution studio,1961-7-19
46,distribution studio,1968-9-17
47,patterns studio,1977-2-16
48,recording studio,1977-12-4
49,tramadol studio,1970-5-7
50,ultimate studio,1963-1-10
51,court studio,2002-10-24
52,afghanistan studio,1961-3-6
53,filing studio,1973-7-17
54,itself studio,1963-10-6
55,villa studio,1993-3-12
56,lower studio,1975-10-13
57,increasing studio,1999-7-8
58,attempts studio,1977-6-6
59,pics studio,2008-12-28
60,bill studio,1994-8-11
61,matches studio,1983-9-14
62,suck studio,2003-5-23
63,tales studio,1976-2-20
64,remains studio,1971-7-16
65,establishment studio,1967-11-15
66,employment studio,1977-8-11
67,nr studio,1994-8-7
68,mon studio,2010-6-21
69,reviewer studio,1974-12-25
70,providers studio,1988-7-21
71,capture studio,1996-5-18
72,vacuum studio,1999-2-20
73,hospital studio,2004-3-8
74,artificial studio,1982-6-21
75,midnight studio,1996-6-12
76,possible studio,1983-6-18
77,dublin studio,1976-4-9
78,bids studio,1978-4-28
79,wildlife studio,1961-10-19
80,opt studio,1968-9-16
81,stream studio,1980-10-13
82,future studio,1987-2-19
83,raise studio,1976-6-17
84,newsletters studio,1990-8-2
85,look studio,2005-10-12
86,saw studio,2003-9-2
87,licensed studio,1967-3-14
88,pour studio,1981-8-12
89,determining studio,1976-7-11
90,thompson studio,1973-8-14
91,directly studio,1985-2-5
92,surgery studio,2010-9-8
93,porn studio,1969-1-15
94,interest studio,1962-1-15
95,databases studio,1961-7-28
96,ads studio,1996-10-24
97,listed studio,1994-6-15
98,seeds studio,2010-3-17
99,trademark studio,1975-3-25
100,agricultural studio,1964-11-8
101,cry studio,1970-8-22
102,banking studio,2007-2-5
103,wednesday studio,2006-4-9
104,submissions studio,1977-5-23
105,choices studio,1982-4-20
106,pissing studio,1962-9-12
107,improving studio,1993-8-11
108,holidays studio,1993-7-27
109,expertise studio,1986-11-22
110,landscape studio,1976-2-3
111,pulse studio,2002-4-16
112,stewart studio,1985-10-1
113,water studio,1964-5-6
114,presidential studio,1975-12-17
115,widely studio,2006-5-2
116,application studio,1993-12-17
117,truth studio,1989-9-9
118,promotions studio,1964-12-14
119,operators studio,2005-5-10
120,allocated studio,1964-6-4
121,survey studio,1985-9-12
122,emotional studio,2001-12-5
123,regions studio,2006-11-14
124,espn studio,1966-11-14
125,course studio,1991-2-15
126,constant studio,2008-7-28
127,headset studio,1988-3-15
128,rome studio,1995-10-11
129,flashing studio,1983-1-9
130,korean studio,1992-6-21
131,kings studio,1982-7-1
132,admissions studio,1962-9-6
133,measurement studio,1961-1-8
134,depression studio,1988-2-25
135,islands studio,2007-7-15
136,departments studio,1974-8-14
137,milf studio,1969-5-21
138,luxury studio,1988-5-7
139,ec studio,1970-7-21
140,beach studio,1964-2-7
141,expansion studio,1976-4-9
142,allen studio,2009-7-17
143,familiar studio,1960-2-9
144,commentary studio,1986-10-2
145,apparently studio,1972-7-5
146,rate studio,1968-8-23
147,interview studio,1989-4-10
148,fun studio,2006-11-26
149,nashville studio,1969-7-12
150,supporting studio,1971-9-16
151,academy studio,1971-3-11
152,convenience studio,1998-7-14
153,melissa studio,1987-10-10
154,baskets studio,1962-1-3
155,proud studio,1978-3-24
156,means studio,2000-1-7
157,iv studio,1988-7-20
158,however studio,2006-9-21
159,mix studio,1966-4-12
160,pretty studio,2006-12-25
161,widely studio,1982-2-3
162,promise studio,1961-2-22
163,maria studio,1960-6-17
164,in studio,2007-10-4
165,reputation studio,1973-8-1
166,consumers studio,1996-5-20
167,ave studio,1984-2-16
168,iv studio,1993-8-10
169,sampling studio,1972-5-26
170,pic studio,1966-10-7
171,king studio,2010-1-9
172,automatic studio,1981-10-16
173,par studio,1960-11-8
174,payday studio,2006-9-17
175,browsing studio,2001-6-24
176,loaded studio,1985-9-23
177,slave studio,1984-2-5
178,product studio,1993-1-3
179,financial studio,2006-9-5
180,title studio,1982-2-22
181,limousines studio,1966-12-11
182,lucky studio,1962-10-18
183,born studio,1970-4-1
184,act studio,1978-1-8
185,mistake studio,2007-10-11
186,hardware studio,1979-3-28
187,desired studio,1964-5-2
188,code studio,1960-6-9
189,hunting studio,1975-5-28
190,decade studio,2003-12-8
191,philadelphia studio,1978-7-20
192,thailand studio,1977-5-18
193,conferences studio,1983-12-15
194,investing studio,1993-3-21
195,sl studio,2002-1-27
196,titten studio,2006-2-22
197,ot studio,1976-6-15
198,nec studio,1986-10-3
199,sharon studio,2010-4-25
200,asian studio,2004-10-24
201,restricted studio,2000-9-4
202,completion studio,2005-5-18
203,columbus studio,1963-6-2
204,lens studio,2008-7-5
205,moderator studio,1979-4-9
206,houses studio,1995-2-3
207,force studio,1976-12-3
208,elected studio,2008-10-7
209,inter studio,1967-6-18
210,standing studio,1973-12-7
211,determining studio,1994-12-19
212,box studio,1993-5-9
213,papers studio,2003-11-13
214,teachers studio,1965-11-8
215,impact studio,1965-8-25
216,limitations studio,2008-8-22
217,york studio,1994-3-16
218,informed studio,2005-7-7
219,study studio,1978-9-21
220,ss studio,1994-3-20
221,spanking studio,2002-10-2
222,cotton studio,1976-3-19
223,industries studio,1965-6-15
224,chairs studio,2006-11-23
225,menu studio,1992-1-6
226,logos studio,1970-12-22
227,ef studio,1984-11-13
228,be studio,1971-3-14
229,concern studio,1982-8-1
230,beastiality studio,1985-11-26
231,against studio,1961-2-27
232,vegas studio,2010-1-10
233,optimization studio,1999-10-19
234,involves studio,1989-11-11
235,warren studio,2009-12-24
236,vehicles studio,1974-4-27
237,created studio,1968-3-4
238,november studio,2001-1-12
239,chapters studio,1969-4-13
240,networking studio,1993-8-3
241,developer studio,1965-7-16
242,pink studio,1996-3-24
243,election studio,1994-2-11
244,nebraska studio,1976-4-20
245,distributor studio,1966-7-28
246,rise studio,1990-10-11
247,planning studio,1966-7-4
248,condition studio,1971-12-10
249,proven studio,1962-12-18
250,sql studio,2005-1-1
251,argentina studio,1992-9-28
252,thailand studio,1977-12-12
253,margaret studio,1978-6-18
254,himself studio,1968-6-17
255,francis studio,1996-9-20
256,dynamic studio,1990-6-5
257,huge studio,1967-3-19
258,worldwide studio,2007-4-18
259,thursday studio,1999-3-1
260,mood studio,2001-5-23
261,au studio,1964-10-1
262,between studio,1994-9-13
263,corps studio,1983-11-18
264,knew studio,1961-4-4
265,copies studio,1963-7-1
266,awareness studio,1979-10-12
267,carrying studio,1982-6-13
268,recorder studio,1966-1-20
269,nike studio,1988-9-8
270,waves studio,2006-11-12
271,pioneer studio,1965-11-4
272,jet studio,2010-6-4
273,coins studio,1998-1-5
274,gay studio,2003-8-6
275,usage studio,1964-5-5
276,clubs studio,1965-5-12
277,foreign studio,2010-7-2
278,quantity studio,1974-3-16
279,public studio,1993-12-6
280,drama studio,1978-7-26
281,elected studio,1999-7-13
282,difference studio,2009-5-8
283,units studio,1980-4-23
284,image studio,1987-6-2
285,date studio,1978-10-26
286,filled studio,1986-12-16
287,generally studio,1981-10-7
288,domains studio,1998-6-16
289,template studio,1985-3-25
290,improvements studio,1982-7-22
291,rated studio,1980-5-25
292,wisdom studio,1961-12-19
293,declaration studio,1966-7-1
294,causing studio,1974-6-1
295,touch studio,2004-2-3
296,thousand studio,2006-4-14
297,afraid studio,1982-11-14
298,future studio,1965-8-13
299,larry studio,2002-2-14
300,airport studio,2003-10-9
301,mercury studio,1979-2-3
302,growth studio,1976-9-20
303,tube studio,2008-9-11
304,home studio,1986-12-14
305,modes studio,1991-3-25
306,lot studio,2008-4-2
307,mother studio,2006-10-16
308,seats studio,1970-3-13
309,spy studio,1967-9-26
310,present studio,1980-12-20
311,amd studio,2001-5-19
312,db studio,1977-12-22
313,employment studio,2003-5-12
314,duties studio,1990-7-6
315,participate studio,1974-2-2
316,schedule studio,2007-6-25
317,initiatives studio,1976-8-9
318,worship studio,1977-8-12
319,feed studio,1995-10-12
320,coordinator studio,1988-6-7
321,bar studio,1996-11-23
322,incredible studio,1960-5-11
323,panel studio,1981-10-2
324,angeles studio,1964-10-5
325,syndrome studio,2004-2-13
326,columbia studio,2010-1-27
327,header studio,1963-8-5
328,interior studio,1978-10-18
329,celebrity studio,1971-11-25
330,id studio,1961-8-10
331,poems studio,1983-9-19
332,socket studio,1995-11-22
333,cm studio,1972-7-16
334,honor studio,1969-3-22
335,walls studio,1974-8-19
336,er studio,1970-4-15
337,norfolk studio,1981-2-24
338,conduct studio,1981-9-7
339,lakes studio,1977-7-10
340,wright studio,2002-7-17
341,firms studio,1983-8-8
342,date studio,1990-2-21
343,income studio,1993-6-27
344,decide studio,1990-5-2
345,adding studio,2003-9-4
346,cellular studio,1990-5-28
347,arizona studio,1980-3-7
348,vincent studio,1963-10-19
349,owners studio,1966-12-8
350,portfolio studio,2007-12-17
351,kelly studio,1963-11-21
352,exploration studio,1972-11-13
353,anthony studio,1966-8-9
354,content studio,1998-6-12
355,close studio,1987-10-9
356,sound studio,2005-10-5
357,documents studio,1995-2-24
358,morris studio,1964-7-10
359,llc studio,1963-3-9
360,master studio,1973-3-4
361,authorities studio,2006-11-14
362,chapters studio,1977-9-23
363,inch studio,1983-5-7
364,moral studio,1980-3-10
365,excel studio,1985-6-20
366,share studio,1997-4-15
367,admin studio,1998-9-25
368,diving studio,2002-5-11
369,broker studio,1983-8-5
370,en studio,2009-1-11
371,amazing studio,2002-10-19
372,registered studio,1960-9-10
373,regards studio,1981-11-10
374,collected studio,1978-10-27
375,tip studio,2007-2-1
376,fox studio,1966-10-19
377,learning studio,2003-4-18
378,rom studio,1989-8-28
379,yours studio,1981-2-8
380,enemy studio,2003-9-16
381,os studio,1984-2-19
382,marshall studio,1981-12-2
383,customer studio,1972-3-27
384,packages studio,2007-5-21
385,distributed studio,1963-6-22
386,rankings studio,1984-11-3
387,at studio,2001-1-12
388,oxygen studio,1969-12-14
389,responses studio,2000-12-3
390,soldiers studio,1972-12-4
391,flying studio,1989-12-23
392,crop studio,1999-3-20
393,pdas studio,1981-1-18
394,virtual studio,1977-10-21
395,audience studio,1996-12-21
396,anyone studio,1998-3-26
397,service studio,1963-2-26
398,estate studio,1975-1-23
399,begin studio,1973-2-25
400,frequently studio,1963-2-24
401,chronic studio,1976-12-7
402,neck studio,2006-12-13
403,hate studio,1969-1-23
404,electricity studio,1995-3-20
405,rubber studio,1999-3-11
406,warehouse studio,1980-7-23
407,property studio,1990-5-6
408,holland studio,2009-6-23
409,asking studio,1966-8-21
410,expanded studio,1979-11-12
411,box studio,1983-10-13
412,chain studio,1995-8-9
413,gifts studio,1997-1-23
414,echo studio,1975-3-23
415,diabetes studio,1979-4-14
416,cream studio,1997-3-20
417,tonight studio,1962-1-20
418,subscribe studio,1963-11-4
419,ordinary studio,1974-7-5
420,greece studio,2000-6-27
421,prepare studio,2004-8-17
422,posted studio,1998-2-27
423,vacuum studio,1987-12-25
424,arrival studio,2004-8-2
425,evidence studio,1989-1-18
426,prove studio,2005-10-6
427,gateway studio,1961-11-28
428,aol studio,1975-7-12
429,emissions studio,1996-9-14
430,with studio,2000-9-19
431,seeking studio,1967-9-14
432,agencies studio,1985-1-28
433,fun studio,1961-8-3
434,spectrum studio,2008-10-26
435,oct studio,1975-10-27
436,jennifer studio,1968-8-6
437,means studio,1980-7-24
438,utility studio,2008-11-2
439,flowers studio,1974-8-28
440,rico studio,1962-11-23
441,weddings studio,1966-5-7
442,kg studio,1995-10-18
443,invited studio,2006-4-23
444,sue studio,1969-8-10
445,syntax studio,2007-9-11
446,retired studio,1999-10-19
447,various studio,2008-3-3
448,configure studio,1976-12-12
449,final studio,2007-8-23
450,photoshop studio,1976-4-5
451,knows studio,1966-1-4
452,healthcare studio,2003-9-18
453,domain studio,1962-8-23
454,preliminary studio,1994-11-9
455,netherlands studio,1981-10-4
456,format studio,2010-9-17
457,failed studio,1966-11-24
458,pretty studio,2003-9-17
459,transmission studio,1966-7-7
460,her studio,2008-7-13
461,operate studio,1969-12-7
462,lawyers studio,1985-3-7
463,infrastructure studio,1977-1-23
464,trade studio,1971-10-27
465,stars studio,1981-7-26
466,increased studio,1989-2-8
467,rd studio,1994-3-4
468,factors studio,1968-4-4
469,valentine studio,1982-10-6
470,crime studio,1992-10-23
471,size studio,1985-8-10
472,certificate studio,1979-12-21
473,fitness studio,2000-8-16
474,observation studio,1985-5-15
475,robinson studio,1960-4-10
476,communications studio,1967-5-16
477,antique studio,1987-5-23
478,within studio,1978-7-8
479,reason studio,1968-2-28
480,london studio,1960-12-27
481,com studio,1986-2-6
482,peace studio,1965-6-18
483,filled studio,1960-11-16
484,vincent studio,1974-8-19
485,arrive studio,2004-5-18
486,pr studio,1991-8-12
487,mathematics studio,1995-1-19
488,demonstrated studio,1960-5-9
489,valuable studio,1969-11-18
490,calculator studio,1964-2-10
491,homepage studio,1989-11-3
492,specified studio,1969-6-27
493,dispatched studio,1964-5-6
494,utah studio,1978-10-8
495,plant studio,1997-12-15
496,disorder studio,1979-5-13
497,chi studio,1979-2-8
498,core studio,1970-8-11
499,mile studio,1974-5-6
500,cum studio,1991-9-25
501,nepal studio,1972-9-8
502,minimal studio,1995-1-12
503,vendor studio,1984-8-28
504,xhtml studio,1983-7-12
505,positive studio,1983-10-4
506,bulletin studio,1985-3-27
507,outsourcing studio,1969-5-9
508,lecture studio,1961-9-13
509,sea studio,1964-9-22
510,piano studio,1969-12-19
511,digest studio,2008-11-14
512,announcements studio,1986-7-28
513,national studio,2004-10-7
514,charlie studio,1967-9-27
515,messenger studio,1992-11-25
516,certificates studio,2009-5-14
517,associated studio,1982-1-19
518,vinyl studio,1967-7-2
519,nj studio,1967-10-19
520,alumni studio,1964-8-26
521,look studio,1979-9-6
522,machine studio,1966-11-26
523,spent studio,1988-2-7
524,plates studio,1975-6-18
525,tue studio,1978-4-1
526,kb studio,1997-2-5
527,no studio,1971-9-15
528,done studio,1972-4-3
529,bathroom studio,2003-5-26
530,french studio,1997-8-10
531,gift studio,1964-9-28
532,players studio,1998-5-24
533,optimal studio,1979-3-27
534,patches studio,1970-12-11
535,occurred studio,1973-1-14
536,brian studio,1972-4-26
537,frequent studio,1992-1-3
538,rr studio,1967-2-15
539,alone studio,1972-11-25
540,messenger studio,2010-8-26
541,sur studio,1971-2-16
542,development studio,2004-10-28
543,assistant studio,1969-1-20
544,images studio,1970-1-7
545,talent studio,1974-6-14
546,whose studio,1961-11-18
547,sun studio,2008-3-27
548,robert studio,1991-1-26
549,housing studio,1980-1-17
550,paid studio,1971-5-10
551,alaska studio,1961-4-11
552,cinema studio,2006-11-16
553,game studio,1970-2-22
554,travel studio,1981-5-3
555,songs studio,1983-11-15
556,ocean studio,1996-2-11
557,regions studio,1992-2-12
558,sand studio,2002-1-16
559,taken studio,1989-6-21
560,magazine studio,1992-10-21
561,advertise studio,1997-8-2
562,adopt studio,1967-3-26
563,employers studio,1963-2-22
564,thread studio,1961-5-3
565,promotional studio,1984-1-12
566,studies studio,1986-1-1
567,smart studio,1979-9-3
568,ml studio,1967-1-6
569,cocks studio,1998-10-1
570,older studio,1974-5-15
571,dv studio,1970-4-12
572,assumed studio,2004-1-3
573,charges studio,1960-1-26
574,again studio,1960-9-1
575,profits studio,2009-12-20
576,dave studio,1986-4-8
577,typically studio,1969-3-23
578,aside studio,1991-11-17
579,speaker studio,1981-6-17
580,consultant studio,1962-11-16
581,failed studio,1971-9-20
582,alcohol studio,1974-1-13
583,busy studio,1966-7-14
584,gamma studio,1964-2-3
585,something studio,1989-9-15
586,decrease studio,1983-2-25
587,trembl studio,1977-5-18
588,reasonable studio,1993-10-28
589,extensive studio,1971-1-25
590,have studio,1987-2-12
591,andy studio,1962-6-26
592,atom studio,1990-1-8
593,classical studio,2008-10-19
594,assembly studio,1984-2-21
595,student studio,1987-3-22
596,legend studio,1987-1-2
597,matters studio,1985-6-15
598,mini studio,1966-4-24
599,applicants studio,1999-7-17
600,ta studio,2007-4-21
601,athens studio,2006-11-3
602,costa studio,1962-9-9
603,coffee studio,2008-2-28
604,thomas studio,2007-11-10
605,appearing studio,1976-3-19
606,to studio,1981-4-16
607,amd studio,2002-9-15
608,engineering studio,1971-1-25
609,tips studio,1971-5-22
610,reason studio,1994-12-5
611,choices studio,1998-12-22
612,asia studio,1990-3-16
613,shadow studio,1986-9-3
614,pocket studio,1976-5-16
615,secured studio,1987-8-26
616,sri studio,1972-5-25
617,upload studio,1963-12-15
618,ut studio,1995-4-4
619,appendix studio,2002-10-18
620,databases studio,2003-1-20
621,judgment studio,1979-5-16
622,before studio,1998-2-16
623,nipples studio,2006-8-16
624,builders studio,2000-12-6
625,applications studio,1993-4-6
626,guitar studio,1967-9-21
627,employed studio,1978-10-19
628,linux studio,1983-2-6
629,album studio,2010-2-13
630,messaging studio,1991-11-23
631,manager studio,1982-9-5
632,seminar studio,1965-4-26
633,were studio,1983-3-7
634,referral studio,1964-8-8
635,section studio,1963-6-10
636,interviews studio,1967-3-17
637,fortune studio,1987-9-26
638,who studio,1971-5-25
639,measures studio,1983-2-12
640,parallel studio,1976-7-2
641,retired studio,2003-11-18
642,sleeve studio,1972-1-7
643,subjects studio,1968-1-27
644,membership studio,1970-7-25
645,lookup studio,2001-1-19
646,else studio,1961-9-6
647,ceo studio,1971-8-23
648,happening studio,1973-11-24
649,feature studio,1972-1-8
650,therefore studio,1983-7-7
651,requirements studio,2002-7-2
652,verify studio,1978-2-28
653,union studio,1960-5-6
654,straight studio,1967-1-19
655,kevin studio,1976-8-25
656,don studio,1996-2-26
657,adult studio,1991-5-16
658,venue studio,2010-5-11
659,ordered studio,1982-11-22
660,holder studio,1986-3-9
661,blind studio,2004-8-20
662,ticket studio,1966-3-22
663,faculty studio,1981-1-21
664,manage studio,1975-4-6
665,ef studio,1977-2-1
666,parts studio,1971-8-10
667,magazine studio,1960-11-28
668,detection studio,1982-4-15
669,effects studio,1961-7-18
670,planner studio,1992-1-4
671,india studio,2009-2-8
672,mathematical studio,1986-5-26
673,causing studio,1998-5-23
674,charlie studio,1963-5-12
675,isp studio,1968-5-15
676,duration studio,1979-1-20
677,cloudy studio,1981-11-6
678,linda studio,1974-5-2
679,perfume studio,1968-3-5
680,commerce studio,2004-5-1
681,play studio,1968-11-25
682,market studio,2001-2-7
683,driver studio,1999-9-3
684,collected studio,2002-12-11
685,simulation studio,2007-8-10
686,receipt studio,1971-4-6
687,yards studio,1978-2-24
688,compensation studio,1981-11-25
689,message studio,1986-2-9
690,combo studio,1976-10-21
691,custom studio,2006-3-6
692,damages studio,1975-3-22
693,miscellaneous studio,1999-5-15
694,suitable studio,1993-4-28
695,want studio,1990-11-28
696,penalty studio,1993-2-8
697,uk studio,2001-11-3
698,bed studio,2000-10-22
699,sent studio,1982-12-26
700,employee studio,1999-4-17
701,china studio,1967-2-7
702,compaq studio,1995-8-15
703,seller studio,1986-4-21
704,worship studio,2000-1-5
705,screens studio,2005-3-25
706,persons studio,1996-2-26
707,pretty studio,1968-8-15
708,denver studio,1996-11-27
709,poverty studio,1974-12-2
710,potter studio,1994-2-5
711,acts studio,1984-6-5
712,subsequent studio,1978-3-3
713,vhs studio,2005-1-10
714,his studio,1994-7-27
715,than studio,1960-6-22
716,township studio,2007-5-6
717,secure studio,1982-12-4
718,coalition studio,1990-2-27
719,there studio,1983-6-6
720,occupational studio,1960-5-27
721,simply studio,2005-9-20
722,effectiveness studio,2001-1-25
723,poll studio,1982-9-17
724,buffer studio,1998-8-4
725,bureau studio,1986-10-20
726,bank studio,1995-7-21
727,editorial studio,1971-3-24
728,poll studio,1976-5-20
729,entered studio,2007-10-13
730,fiber studio,1970-8-24
731,throughout studio,1969-6-22
732,cheese studio,1970-11-7
733,indicators studio,1960-10-1
734,blue studio,1983-7-28
735,before studio,2009-7-12
736,rio studio,1970-9-10
737,knowledge studio,1966-10-10
738,submission studio,2003-11-27
739,comfort studio,1989-12-12
740,degrees studio,1988-3-27
741,individual studio,1975-3-7
742,underwear studio,1990-5-14
743,beds studio,1960-9-28
744,worlds studio,1973-9-14
745,practice studio,1989-3-18
746,problem studio,1991-7-25
747,zum studio,2004-12-12
748,flood studio,1992-1-8
749,modem studio,1971-11-25
750,advantage studio,1991-4-2
751,popular studio,1986-1-13
752,butt studio,1984-3-8
753,literature studio,2008-3-22
754,minute studio,1998-11-27
755,city studio,1983-1-20
756,permits studio,1975-11-26
757,speak studio,1972-4-27
758,replaced studio,1960-1-28
759,relating studio,2004-6-8
760,certain studio,1960-1-9
761,possibility studio,1976-10-26
762,favorite studio,1996-5-1
763,ease studio,1976-1-2
764,composition studio,1992-10-22
765,songs studio,1971-3-2
766,hit studio,2010-1-22
767,biz studio,2004-1-27
768,na studio,2008-9-6
769,oakland studio,1969-10-17
770,handheld studio,2002-7-16
771,chicago studio,1983-11-14
772,logo studio,1975-7-21
773,inn studio,1987-7-18
774,provide studio,1995-3-12
775,possibility studio,1968-2-25
776,claimed studio,1988-4-27
777,dna studio,2003-9-13
778,appendix studio,1965-8-17
779,personality studio,2001-9-2
780,sec studio,1987-2-15
781,basin studio,1990-5-18
782,phoenix studio,2002-1-28
783,capital studio,1981-8-23
784,discussed studio,2006-10-13
785,microsoft studio,1998-1-14
786,diversity studio,1962-6-17
787,kiss studio,2003-12-11
788,nyc studio,2000-3-1
789,fees studio,2004-2-22
790,mar studio,1960-4-28
791,labels studio,2004-9-24
792,multiple studio,1992-8-12
793,premier studio,1997-8-23
794,employment studio,1963-4-22
795,mountains studio,2004-5-5
796,rpm studio,1981-12-26
797,built studio,1962-6-10
798,syntax studio,1993-4-13
799,bearing studio,1961-4-17
800,strategies studio,1999-7-24
801,museums studio,1974-8-24
802,contacts studio,1969-7-6
803,finding studio,1964-5-4
804,perfume studio,1988-4-8
805,refers studio,1978-10-8
806,series studio,1969-3-11
807,associations studio,1981-2-24
808,custom studio,1981-3-20
809,records studio,1972-9-5
810,jean studio,1992-6-12
811,exposure studio,1960-10-7
812,survival studio,1982-8-21
813,charity studio,1989-9-22
814,supreme studio,1983-5-6
815,working studio,1973-4-16
816,lung studio,1994-11-16
817,continuing studio,1976-6-19
818,requirement studio,1992-12-10
819,recommend studio,1995-4-25
820,kevin studio,2002-11-20
821,decade studio,1965-7-4
822,gr studio,1988-4-7
823,milfs studio,2009-5-20
824,fit studio,1971-9-10
825,spanking studio,1981-8-2
826,serial studio,2009-2-12
827,wet studio,1999-5-6
828,assurance studio,2000-8-9
829,idaho studio,1990-6-6
830,tim studio,2007-9-25
831,function studio,1969-9-12
832,period studio,1967-6-4
833,theory studio,1961-4-11
834,houston studio,1978-1-4
835,ta studio,1998-12-26
836,camp studio,2002-4-18
837,nike studio,1998-4-28
838,photoshop studio,2006-8-23
839,changed studio,1967-2-1
840,feels studio,1978-12-16
841,mortgages studio,1985-8-25
842,ridge studio,2002-6-2
843,howard studio,1988-5-11
844,cancer studio,2008-1-24
845,load studio,1980-8-8
846,hazardous studio,1978-11-28
847,breaking studio,1966-4-15
848,searching studio,1986-3-4
849,single studio,1979-11-19
850,mood studio,1992-10-5
851,grove studio,1992-3-24
852,demonstrate studio,1999-1-16
853,theoretical studio,2001-2-24
854,homepage studio,1981-1-15
855,greatest studio,1998-6-19
856,influence studio,1975-9-1
857,syndrome studio,2005-10-4
858,ipod studio,1988-1-25
859,roberts studio,1973-1-13
860,pro studio,1999-5-23
861,fewer studio,1967-7-14
862,clips studio,2008-11-15
863,comply studio,1993-3-21
864,program studio,1978-11-27
865,pmid studio,1976-8-6
866,least studio,1988-8-8
867,whose studio,1973-4-12
868,southern studio,1973-2-12
869,coupon studio,2000-12-8
870,divorce studio,1986-1-19
871,commissioner studio,1970-12-4
872,xxx studio,1966-7-16
873,connect studio,2005-4-27
874,country studio,2000-7-5
875,spirit studio,2008-1-18
876,crowd studio,1976-8-15
877,procurement studio,1984-11-20
878,growth studio,1968-5-7
879,bracelet studio,2001-2-6
880,keeps studio,1983-8-27
881,supplied studio,1967-5-5
882,marks studio,2002-7-17
883,leaves studio,1996-2-20
884,difficulties studio,1989-1-23
885,drives studio,1982-1-23
886,ii studio,1985-3-7
887,cincinnati studio,1992-1-1
888,api studio,1988-5-26
889,magnetic studio,1996-9-21
890,signs studio,2008-4-11
891,believes studio,1981-2-7
892,compared studio,1982-5-16
893,activities studio,2010-12-15
894,holder studio,1985-7-8
895,favorites studio,1986-5-6
896,sing studio,1964-8-13
897,auctions studio,1965-1-16
898,census studio,1987-5-14
899,gangbang studio,1969-3-23
900,paul studio,1999-1-10
901,votes studio,1984-2-21
902,scale studio,1983-11-25
903,hope studio,1963-10-9
904,employer studio,1995-9-14
905,permit studio,1974-10-27
906,upload studio,1960-4-12
907,cart studio,1964-6-24
908,rate studio,1986-2-1
909,suppose studio,1998-11-20
910,coupon studio,2009-6-17
911,churches studio,1983-9-6
912,animal studio,1962-2-19
913,cr studio,2005-8-22
914,terms studio,1966-5-28
915,recommend studio,1960-9-28
916,devel studio,1994-11-16
917,francis studio,1970-6-14
918,ie studio,2000-11-2
919,healing studio,1986-11-6
920,berlin studio,1979-10-17
921,reservation studio,1983-8-15
922,campaign studio,1965-10-22
923,costume studio,1998-4-27
924,director studio,2007-4-6
925,adoption studio,2008-6-14
926,susan studio,1987-1-15
927,babies studio,1977-4-11
928,perfume studio,1965-2-13
929,pink studio,1995-4-14
930,greatest studio,1991-8-3
931,ra studio,1962-1-7
932,bet studio,1964-1-2
933,grown studio,1990-2-20
934,between studio,1996-2-14
935,worldwide studio,2003-7-22
936,feeds studio,1961-3-5
937,nhl studio,1961-9-19
938,lies studio,1998-3-17
939,cleveland studio,1999-7-5
940,providing studio,1964-8-17
941,points studio,1996-8-17
942,permanent studio,1974-10-21
943,application studio,1983-6-5
944,amazon studio,1960-9-8
945,auctions studio,1996-6-22
946,colleges studio,1961-12-25
947,balance studio,1972-7-3
948,mechanical studio,1990-7-24
949,guilty studio,1975-11-20
950,glasgow studio,1974-4-17
951,periods studio,1991-1-3
952,auctions studio,1972-4-4
953,shipping studio,2000-9-24
954,system studio,1980-9-10
955,world studio,1967-1-8
956,hour studio,1960-10-24
957,show studio,1975-8-20
958,dell studio,1966-5-23
959,difficulties studio,1973-5-21
960,catalog studio,1960-5-28
961,customize studio,1984-11-18
962,uses studio,1967-7-8
963,fresh studio,1983-3-14
964,resistance studio,1968-9-10
965,womens studio,1968-7-20
966,bluetooth studio,1990-2-21
967,media studio,2004-3-14
968,refer studio,2009-4-11
969,exit studio,1975-7-12
970,explain studio,1968-1-13
971,bits studio,1997-6-20
972,overall studio,2008-9-11
973,personalized studio,1969-7-25
974,younger studio,1968-7-14
975,import studio,1968-6-19
976,cluster studio,1983-11-23
977,presents studio,1971-10-20
978,ins studio,1978-11-16
979,trust studio,1970-2-13
980,went studio,1998-10-1
981,consultation studio,1981-12-13
982,album studio,1983-10-17
983,automatic studio,1981-3-21
984,halloween studio,1994-2-8
985,her studio,1969-11-13
986,node studio,1974-7-9
987,robinson studio,2001-10-19
988,eligibility studio,1967-12-8
989,plans studio,1999-6-17
990,development studio,1988-8-15
991,updates studio,1990-4-27
992,capable studio,1979-6-13
993,frequency studio,1984-10-27
994,ge studio,1960-5-1
995,nutrition studio,1993-3-13
996,profiles studio,1978-9-19
997,necessary studio,1968-3-13
998,experienced studio,2008-5-5
999,habitat studio,1965-12-9
1000,wells studio,1983-4-24
